{
    "mcpServers": {
        "maven": {
            "command": "npx",
            "args": [
                "mcp-maven-deps"
            ]
        },
        "gitee": {
            "command": "npx",
            "args": [
                "-y",
                "@gitee/mcp-gitee@latest"
            ],
            "env": {
                "GITEE_API_BASE": "https://gitee.com/api/v5",
                "GITEE_ACCESS_TOKEN": "<your personal access token>"
            }
        },
        "memory": {
            "command": "npx",
            "args": [
                "-y",
                "@modelcontextprotocol/server-memory"
            ],
            "env": {
                "MEMORY_FILE_PATH": "/path/to/custom/memory.json"
            }
        },
        "sequential-thinking": {
            "command": "npx",
            "args": [
                "-y",
                "@modelcontextprotocol/server-sequential-thinking"
            ]
        },
        "github": {
            "command": "npx",
            "args": [
                "-y",
                "@modelcontextprotocol/server-github"
            ],
            "env": {
                "GITHUB_PERSONAL_ACCESS_TOKEN": "<YOUR_TOKEN>"
            }
        },
        "f2c-mcp": {
            "command": "npx",
            "args": [
                "-y",
                "@f2c/mcp"
            ],
            "env": {
                "personalToken": ""
            }
        },
        "filesystem": {
            "command": "npx",
            "args": [
                "-y",
                "@modelcontextprotocol/server-filesystem",
                "/Users/username/Desktop",
                "/path/to/other/allowed/dir"
            ]
        },
        "git": {
            "command": "uvx",
            "args": [
                "mcp-server-git",
                "--repository",
                "path/to/git/repo"
            ]
        },
        "docker": {
            "command": "uvx",
            "args": [
                "docker-mcp"
            ]
        },
        "everything-search": {
            "command": "uvx",
            "args": [
                "mcp-server-everything-search"
            ]
        },
        "fetch": {
            "command": "uvx",
            "args": [
                "mcp-server-fetch"
            ]
        }
    }
}